id,drive_id,game_id,drive_number,play_number,offense,offense_conference,offense_score,defense,home,away,defense_conference,defense_score,period,clock,offense_timeouts,defense_timeouts,yard_line,yards_to_goal,down,distance,yards_gained,scoring,play_type,play_text,ppa,wallclock
401520242101854501,4015202421,401520242,1,1,Purdue,Big Ten,0,Syracuse,Purdue,Syracuse,ACC,0,1,"{'minutes': 14, 'seconds': 54}",3,3,35,65,0,0,0,False,Kickoff,Caleb Krockover kickoff for 65 yds,,2023-09-16T23:37:57.000Z
401520242101854503,4015202421,401520242,1,2,Syracuse,ACC,0,Purdue,Purdue,Syracuse,Big Ten,0,1,"{'minutes': 14, 'seconds': 54}",3,3,80,80,1,10,1,False,Rush,LeQuint Allen run for 1 yd to the SYR 21,-0.46882789768185695,2023-09-16T23:37:57.000Z
401520242101854504,4015202421,401520242,1,3,Syracuse,ACC,0,Purdue,Purdue,Syracuse,Big Ten,0,1,"{'minutes': 14, 'seconds': 54}",3,3,79,79,2,9,13,False,Pass Reception,Garrett Shrader pass complete to Donovan Brown for 13 yds to the SYR 34 for a 1ST down,1.5181163035573455,2023-09-16T23:37:57.000Z
401520242101854505,4015202421,401520242,1,4,Syracuse,ACC,0,Purdue,Purdue,Syracuse,Big Ten,0,1,"{'minutes': 14, 'seconds': 54}",3,3,66,66,1,10,-1,False,Rush,Garrett Shrader run for a loss of 1 yard to the SYR 33,-1.140315983000674,2023-09-16T23:37:57.000Z
401520242101854506,4015202421,401520242,1,5,Syracuse,ACC,0,Purdue,Purdue,Syracuse,Big Ten,0,1,"{'minutes': 14, 'seconds': 54}",3,3,67,67,2,11,-5,False,Penalty,"Syracuse Penalty, False Start (Enrique Cruz Jr.) to the SYR 28",,2023-09-16T23:37:57.000Z
401520242101854507,4015202421,401520242,1,6,Syracuse,ACC,0,Purdue,Purdue,Syracuse,Big Ten,0,1,"{'minutes': 14, 'seconds': 54}",3,3,72,72,2,16,0,False,Pass Incompletion,Garrett Shrader pass incomplete,-0.22992956024623545,2023-09-16T23:37:57.000Z
401520242101854508,4015202421,401520242,1,7,Syracuse,ACC,0,Purdue,Purdue,Syracuse,Big Ten,0,1,"{'minutes': 14, 'seconds': 54}",3,3,72,72,3,16,9,False,Pass Reception,Garrett Shrader pass complete to LeQuint Allen for 9 yds to the SYR 37,0.20256782711843702,2023-09-16T23:37:57.000Z
401520242101875701,4015202421,401520242,1,8,Syracuse,ACC,0,Purdue,Purdue,Syracuse,Big Ten,0,1,"{'minutes': 12, 'seconds': 42}",3,3,63,63,4,7,0,False,Punt,"Jack Stonehouse punt for 20 yds, downed at the PUR 43",,2023-09-16T23:41:30.000Z
401520242101875703,4015202422,401520242,2,1,Purdue,Big Ten,0,Syracuse,Purdue,Syracuse,ACC,0,1,"{'minutes': 12, 'seconds': 42}",3,3,43,57,1,10,3,False,Rush,Hudson Card run for 3 yds to the PUR 46,-0.4309799951978805,2023-09-16T23:41:30.000Z
401520242101875704,4015202422,401520242,2,2,Purdue,Big Ten,0,Syracuse,Purdue,Syracuse,ACC,0,1,"{'minutes': 12, 'seconds': 42}",3,3,46,54,2,7,1,False,Pass Reception,Hudson Card pass complete to Devin Mockobee for 1 yd to the PUR 47,-0.8759999549792975,2023-09-16T23:41:30.000Z
401520242101875705,4015202422,401520242,2,3,Purdue,Big Ten,0,Syracuse,Purdue,Syracuse,ACC,0,1,"{'minutes': 12, 'seconds': 42}",3,3,47,53,3,6,11,False,Pass Reception,Hudson Card pass complete to Devin Mockobee for 11 yds to the SYR 42 for a 1ST down,2.4773611761163803,2023-09-16T23:41:30.000Z
401520242101875706,4015202422,401520242,2,4,Purdue,Big Ten,0,Syracuse,Purdue,Syracuse,ACC,0,1,"{'minutes': 12, 'seconds': 42}",3,3,58,42,1,10,1,False,Rush,Devin Mockobee run for 1 yd to the SYR 41,-0.6970479149495327,2023-09-16T23:41:30.000Z
401520242101875707,4015202422,401520242,2,5,Purdue,Big Ten,0,Syracuse,Purdue,Syracuse,ACC,0,1,"{'minutes': 12, 'seconds': 42}",3,3,59,41,2,9,5,False,Pass Reception,Hudson Card pass complete to Abdur-Rahmaan Yaseen for 5 yds to the SYR 36,0.0730379874461277,2023-09-16T23:41:30.000Z
401520242101875708,4015202422,401520242,2,6,Purdue,Big Ten,0,Syracuse,Purdue,Syracuse,ACC,0,1,"{'minutes': 12, 'seconds': 42}",3,3,64,36,3,4,5,False,Pass Reception,Hudson Card pass complete to Tyrone Tracy Jr. for 5 yds to the SYR 31 for a 1ST down,1.076999229002581,2023-09-16T23:41:30.000Z
401520242101875709,4015202422,401520242,2,7,Purdue,Big Ten,0,Syracuse,Purdue,Syracuse,ACC,0,1,"{'minutes': 12, 'seconds': 42}",3,3,69,31,1,10,17,False,Pass Reception,Hudson Card pass complete to Abdur-Rahmaan Yaseen for 17 yds to the SYR 14 for a 1ST down,0.2936629948938665,2023-09-16T23:41:30.000Z
401520242101875710,4015202422,401520242,2,8,Purdue,Big Ten,0,Syracuse,Purdue,Syracuse,ACC,0,1,"{'minutes': 12, 'seconds': 42}",3,3,86,14,1,10,9,False,Rush,Tyrone Tracy Jr. run for 9 yds to the SYR 5,0.6137678348706395,2023-09-16T23:41:30.000Z
401520242101875711,4015202422,401520242,2,9,Purdue,Big Ten,0,Syracuse,Purdue,Syracuse,ACC,0,1,"{'minutes': 12, 'seconds': 42}",3,3,95,5,2,1,0,False,Rush,Tyrone Tracy Jr. run for no gain to the SYR 5,-0.557930650709734,2023-09-16T23:41:30.000Z
401520242101875712,4015202422,401520242,2,10,Purdue,Big Ten,0,Syracuse,Purdue,Syracuse,ACC,0,1,"{'minutes': 12, 'seconds': 42}",3,3,95,5,3,1,0,False,Rush,Devin Mockobee run for no gain to the SYR 5,-0.361126152882802,2023-09-16T23:41:30.000Z
401520242101926201,4015202422,401520242,2,11,Purdue,Big Ten,0,Syracuse,Purdue,Syracuse,ACC,0,1,"{'minutes': 7, 'seconds': 37}",3,3,95,5,4,1,-1,False,Fumble Recovery (Opponent),"Hudson Card run for a loss of 1 yard to the SYR 6 Hudson Card fumbled, recovered by SYR Leon Lowery",,2023-09-16T23:52:46.000Z
401520242101926203,4015202423,401520242,3,1,Syracuse,ACC,0,Purdue,Purdue,Syracuse,Big Ten,0,1,"{'minutes': 7, 'seconds': 37}",3,3,94,94,1,10,1,False,Rush,LeQuint Allen run for 1 yd to the SYR 7,-0.24672188323678768,2023-09-16T23:52:46.000Z
401520242101926204,4015202423,401520242,3,2,Syracuse,ACC,0,Purdue,Purdue,Syracuse,Big Ten,0,1,"{'minutes': 7, 'seconds': 37}",3,3,93,93,2,9,9,False,Pass Reception,Garrett Shrader pass complete to Damien Alford for 9 yds to the SYR 16 for a 1ST down,0.5640460168141397,2023-09-16T23:52:46.000Z
401520242101926205,4015202423,401520242,3,3,Syracuse,ACC,0,Purdue,Purdue,Syracuse,Big Ten,0,1,"{'minutes': 7, 'seconds': 37}",3,3,84,84,1,10,8,False,Rush,Garrett Shrader run for 8 yds to the SYR 24,0.707535595975485,2023-09-16T23:52:46.000Z
401520242101926206,4015202423,401520242,3,4,Syracuse,ACC,0,Purdue,Purdue,Syracuse,Big Ten,0,1,"{'minutes': 7, 'seconds': 37}",3,3,76,76,2,2,5,False,Rush,Garrett Shrader run for 5 yds to the SYR 29 for a 1ST down,0.096216858473225,2023-09-16T23:52:46.000Z
401520242101926207,4015202423,401520242,3,5,Syracuse,ACC,0,Purdue,Purdue,Syracuse,Big Ten,0,1,"{'minutes': 7, 'seconds': 37}",3,3,71,71,1,10,6,False,Pass Reception,Garrett Shrader pass complete to Donovan Brown for 6 yds to the SYR 35,0.366045681425021,2023-09-16T23:52:46.000Z
401520242101926208,4015202423,401520242,3,6,Syracuse,ACC,0,Purdue,Purdue,Syracuse,Big Ten,0,1,"{'minutes': 7, 'seconds': 37}",3,3,65,65,2,4,27,False,Pass Reception,Garrett Shrader pass complete to Damien Alford for 27 yds to the PUR 38 for a 1ST down,2.314978542744756,2023-09-16T23:52:46.000Z
401520242101926209,4015202423,401520242,3,7,Syracuse,ACC,0,Purdue,Purdue,Syracuse,Big Ten,0,1,"{'minutes': 7, 'seconds': 37}",3,3,38,38,1,10,0,False,Pass Incompletion,Garrett Shrader pass incomplete,-0.7828922522763084,2023-09-16T23:52:46.000Z
401520242101926210,4015202423,401520242,3,8,Syracuse,ACC,0,Purdue,Purdue,Syracuse,Big Ten,0,1,"{'minutes': 7, 'seconds': 37}",3,3,38,38,2,10,0,False,Pass Incompletion,Garrett Shrader pass incomplete,-0.9886314711142071,2023-09-16T23:52:46.000Z
401520242101926211,4015202423,401520242,3,9,Syracuse,ACC,0,Purdue,Purdue,Syracuse,Big Ten,0,1,"{'minutes': 7, 'seconds': 37}",3,3,38,38,3,10,15,False,Rush,Garrett Shrader run for 15 yds to the PUR 23 for a 1ST down,2.202138693904475,2023-09-16T23:52:46.000Z
401520242101926212,4015202423,401520242,3,10,Syracuse,ACC,0,Purdue,Purdue,Syracuse,Big Ten,0,1,"{'minutes': 7, 'seconds': 37}",3,3,23,23,1,10,20,False,Rush,Garrett Shrader run for 20 yds to the PUR 3 for a 1ST down,1.1995259453398914,2023-09-16T23:52:46.000Z
401520242101965201,4015202423,401520242,3,11,Syracuse,ACC,7,Purdue,Purdue,Syracuse,Big Ten,0,1,"{'minutes': 3, 'seconds': 47}",3,3,3,3,1,3,3,True,Rushing Touchdown,Garrett Shrader run for 3 yds for a TD (Brady Denaburg KICK),1.464451732731337,2023-09-17T00:04:47.000Z
401520242101965203,4015202424,401520242,4,1,Syracuse,ACC,7,Purdue,Purdue,Syracuse,Big Ten,0,1,"{'minutes': 3, 'seconds': 47}",3,3,65,65,0,0,0,False,Kickoff,Brady Denaburg kickoff for 65 yds for a touchback,,2023-09-17T00:04:47.000Z
401520242101965205,4015202424,401520242,4,2,Purdue,Big Ten,0,Syracuse,Purdue,Syracuse,ACC,7,1,"{'minutes': 3, 'seconds': 47}",3,3,25,75,1,10,-1,False,Pass Reception,Hudson Card pass complete to Devin Mockobee for a loss of 1 yard to the PUR 24,-0.8014893508157099,2023-09-17T00:04:47.000Z
401520242101965206,4015202424,401520242,4,3,Purdue,Big Ten,0,Syracuse,Purdue,Syracuse,ACC,7,1,"{'minutes': 3, 'seconds': 47}",3,3,24,76,2,11,6,False,Pass Reception,Hudson Card pass complete to Max Klare for 6 yds to the PUR 30,0.14230199528328402,2023-09-17T00:04:47.000Z
401520242101965207,4015202424,401520242,4,4,Purdue,Big Ten,0,Syracuse,Purdue,Syracuse,ACC,7,1,"{'minutes': 3, 'seconds': 47}",3,3,30,70,3,5,0,False,Pass Incompletion,Hudson Card pass incomplete,-0.3716239049161505,2023-09-17T00:04:47.000Z
401520242101965208,4015202424,401520242,4,5,Purdue,Big Ten,0,Syracuse,Purdue,Syracuse,ACC,7,1,"{'minutes': 3, 'seconds': 47}",3,3,30,70,3,5,0,False,Pass Incompletion,Hudson Card pass incomplete,-0.3716239049161505,2023-09-17T00:04:47.000Z
401520242101976301,4015202424,401520242,4,6,Purdue,Big Ten,0,Syracuse,Purdue,Syracuse,ACC,7,1,"{'minutes': 2, 'seconds': 36}",3,3,30,70,4,5,0,False,Punt,"Jack Ansell punt for 45 yds, fair catch by D'Marcus Adams at the SYR 25",,2023-09-17T00:04:54.000Z
401520242101976303,4015202425,401520242,5,1,Syracuse,ACC,7,Purdue,Purdue,Syracuse,Big Ten,0,1,"{'minutes': 2, 'seconds': 36}",3,3,75,75,1,10,9,False,Pass Reception,Garrett Shrader pass complete to LeQuint Allen for 9 yds to the SYR 34,1.252308359788624,2023-09-17T00:04:54.000Z
401520242101976304,4015202425,401520242,5,2,Syracuse,ACC,7,Purdue,Purdue,Syracuse,Big Ten,0,1,"{'minutes': 2, 'seconds': 36}",3,3,66,66,2,1,-4,False,Penalty,"Syracuse Penalty, Illegal Substitution (J'Onre Reed) to the SYR 30",,2023-09-17T00:04:54.000Z
401520242101976305,4015202425,401520242,5,3,Syracuse,ACC,7,Purdue,Purdue,Syracuse,Big Ten,0,1,"{'minutes': 2, 'seconds': 36}",3,3,70,70,2,5,1,False,Rush,LeQuint Allen run for 1 yd to the SYR 31,-0.6292774000892614,2023-09-17T00:04:54.000Z
401520242101976306,4015202425,401520242,5,4,Syracuse,ACC,7,Purdue,Purdue,Syracuse,Big Ten,0,1,"{'minutes': 2, 'seconds': 36}",3,3,69,69,3,4,0,False,Pass Incompletion,Garrett Shrader pass incomplete,-0.43770162015070735,2023-09-17T00:04:54.000Z
401520242101976307,4015202425,401520242,5,5,Syracuse,ACC,7,Purdue,Purdue,Syracuse,Big Ten,0,1,"{'minutes': 2, 'seconds': 36}",3,3,70,70,2,5,1,False,Rush,LeQuint Allen run for 1 yd to the SYR 31,-0.6292774000892614,2023-09-17T00:04:54.000Z
401520242101976308,4015202425,401520242,5,6,Syracuse,ACC,7,Purdue,Purdue,Syracuse,Big Ten,0,1,"{'minutes': 2, 'seconds': 36}",3,3,69,69,3,4,0,False,Pass Incompletion,Garrett Shrader pass incomplete,-0.43770162015070735,2023-09-17T00:04:54.000Z
401520242101987601,4015202425,401520242,5,7,Syracuse,ACC,7,Purdue,Purdue,Syracuse,Big Ten,0,1,"{'minutes': 1, 'seconds': 23}",3,3,69,69,4,4,0,False,Punt,"Jack Stonehouse punt for 43 yds ,  returns for no gain to the PUR 42",,2023-09-17T00:12:04.000Z
401520242101987603,4015202426,401520242,6,1,Purdue,Big Ten,0,Syracuse,Purdue,Syracuse,ACC,7,1,"{'minutes': 1, 'seconds': 23}",3,3,42,58,1,10,15,False,Penalty,"Syracuse Penalty, Unnecessary Roughness (15 Yards) to the SYR 43 for a 1ST down",,2023-09-17T00:12:04.000Z
401520242101987604,4015202426,401520242,6,2,Purdue,Big Ten,0,Syracuse,Purdue,Syracuse,ACC,7,1,"{'minutes': 1, 'seconds': 23}",3,3,57,43,1,10,10,False,Rush,Deion Burks run for 10 yds to the SYR 33 for a 1ST down,0.4492953144288662,2023-09-17T00:12:04.000Z
401520242101987605,4015202426,401520242,6,3,Purdue,Big Ten,0,Syracuse,Purdue,Syracuse,ACC,7,1,"{'minutes': 1, 'seconds': 23}",3,3,67,33,1,10,5,False,Rush,Dylan Downing run for 5 yds to the SYR 28,0.079824986683601,2023-09-17T00:12:04.000Z
401520242101987606,4015202426,401520242,6,4,Purdue,Big Ten,0,Syracuse,Purdue,Syracuse,ACC,7,1,"{'minutes': 1, 'seconds': 23}",3,3,57,43,1,10,10,False,Rush,Deion Burks run for 10 yds to the SYR 33 for a 1ST down,0.4492953144288662,2023-09-17T00:12:04.000Z
401520242101987607,4015202426,401520242,6,5,Purdue,Big Ten,0,Syracuse,Purdue,Syracuse,ACC,7,1,"{'minutes': 1, 'seconds': 23}",3,3,67,33,1,10,5,False,Rush,Dylan Downing run for 5 yds to the SYR 28,0.079824986683601,2023-09-17T00:12:04.000Z
401520242101996801,4015202426,401520242,6,6,Purdue,Big Ten,0,Syracuse,Purdue,Syracuse,ACC,7,1,"{'minutes': 0, 'seconds': 31}",3,3,72,28,2,5,-8,False,Sack,Hudson Card sacked for a loss of 8 yards to the SYR 36,-2.212414185559778,2023-09-17T00:16:05.000Z
401520242101996803,4015202427,401520242,7,1,Syracuse,ACC,7,Purdue,Purdue,Syracuse,Big Ten,0,1,"{'minutes': 0, 'seconds': 31}",3,3,64,64,1,10,0,False,Pass Incompletion,Garrett Shrader pass incomplete,-1.041155320344064,2023-09-17T00:16:05.000Z
401520242101996804,4015202427,401520242,7,2,Syracuse,ACC,7,Purdue,Purdue,Syracuse,Big Ten,0,1,"{'minutes': 0, 'seconds': 31}",3,3,64,64,2,10,15,False,Penalty,"SHRADER, Garrett pass deep to the right incomplete intended for BROWN, Donovan thrown to the PUR35. PENALTY PUR Roughing the Passer on JENKINS, Kydran enforced 15 yards from the SYR36 to the PUR49 and results in automatic 1ST DOWN [SG]. NO PLAY (replay the down).",,2023-09-17T00:16:05.000Z
401520242101996805,4015202427,401520242,7,3,Syracuse,ACC,7,Purdue,Purdue,Syracuse,Big Ten,0,1,"{'minutes': 0, 'seconds': 31}",3,3,64,64,2,10,15,False,Penalty,"SHRADER, Garrett pass deep to the right incomplete intended for BROWN, Donovan thrown to the PUR35. PENALTY PUR Roughing the Passer on JENKINS, Kydran enforced 15 yards from the SYR36 to the PUR49 and results in automatic 1ST DOWN [SG]. NO PLAY (replay the down).",,2023-09-17T00:16:05.000Z
401520242101999901,4015202427,401520242,7,4,Syracuse,ACC,7,Purdue,Purdue,Syracuse,Big Ten,0,1,"{'minutes': 0, 'seconds': 0}",3,3,49,49,1,10,1,False,Rush,LeQuint Allen run for 1 yd to the PUR 48,-0.8564651345494897,2023-09-17T00:17:52.000Z
401520242101999902,4015202427,401520242,7,5,Syracuse,ACC,7,Purdue,Purdue,Syracuse,Big Ten,0,1,"{'minutes': 0, 'seconds': 0}",3,3,49,49,0,10,0,False,End Period,End of 1st Quarter,,2023-09-17T00:17:52.000Z
401520242102849902,4015202427,401520242,7,6,Syracuse,ACC,7,Purdue,Purdue,Syracuse,Big Ten,0,2,"{'minutes': 15, 'seconds': 0}",3,3,48,48,2,9,13,False,Rush,LeQuint Allen run for 13 yds to the PUR 35 for a 1ST down,1.646206902409782,2023-09-17T00:22:01.000Z
401520242102849903,4015202427,401520242,7,7,Syracuse,ACC,7,Purdue,Purdue,Syracuse,Big Ten,0,2,"{'minutes': 15, 'seconds': 0}",3,3,35,35,1,10,0,False,Pass Reception,Garrett Shrader pass complete to Damien Alford for no gain to the PUR 35,-0.6918622905019662,2023-09-17T00:22:01.000Z
401520242102849904,4015202427,401520242,7,8,Syracuse,ACC,7,Purdue,Purdue,Syracuse,Big Ten,0,2,"{'minutes': 15, 'seconds': 0}",3,3,35,35,2,10,0,False,Pass Incompletion,Garrett Shrader pass incomplete,-0.9144980156718301,2023-09-17T00:22:01.000Z
401520242102865501,4015202427,401520242,7,9,Syracuse,ACC,14,Purdue,Purdue,Syracuse,Big Ten,0,2,"{'minutes': 13, 'seconds': 44}",3,3,35,35,3,10,35,True,Rushing Touchdown,Garrett Shrader run for 35 yds for a TD (Brady Denaburg KICK),4.578949089950752,2023-09-17T00:23:39.000Z
401520242102865503,4015202428,401520242,8,1,Syracuse,ACC,14,Purdue,Purdue,Syracuse,Big Ten,0,2,"{'minutes': 13, 'seconds': 44}",3,3,65,65,0,0,0,False,Kickoff,Brady Denaburg kickoff for 65 yds for a touchback,,2023-09-17T00:23:39.000Z
401520242102865505,4015202428,401520242,8,2,Purdue,Big Ten,0,Syracuse,Purdue,Syracuse,ACC,14,2,"{'minutes': 13, 'seconds': 44}",3,3,25,75,1,10,3,False,Rush,Devin Mockobee run for 3 yds to the PUR 28,-0.2957674139440157,2023-09-17T00:23:39.000Z
401520242102867301,4015202428,401520242,8,3,Purdue,Big Ten,0,Syracuse,Purdue,Syracuse,ACC,14,2,"{'minutes': 13, 'seconds': 26}",3,3,28,72,2,7,0,False,Pass Incompletion,Hudson Card pass incomplete,-0.5594317282120231,2023-09-17T01:05:20.000Z
401520242102867302,4015202428,401520242,8,4,Purdue,Big Ten,0,Syracuse,Purdue,Syracuse,ACC,14,2,"{'minutes': 13, 'seconds': 26}",3,3,28,72,3,7,20,False,Pass Reception,Hudson Card pass complete to Max Klare for 20 yds to the PUR 48 for a 1ST down,2.924899973166929,2023-09-17T01:05:20.000Z
401520242102867303,4015202428,401520242,8,5,Purdue,Big Ten,0,Syracuse,Purdue,Syracuse,ACC,14,2,"{'minutes': 13, 'seconds': 26}",3,3,87,13,1,10,9,False,Rush,Devin Mockobee run for 9 yds to the SYR 4,0.613246291494663,2023-09-17T01:05:20.000Z
401520242102867304,4015202428,401520242,8,6,Purdue,Big Ten,0,Syracuse,Purdue,Syracuse,ACC,14,2,"{'minutes': 13, 'seconds': 26}",3,3,96,4,2,1,2,False,Rush,Devin Mockobee run for 2 yds to the SYR 2 for a 1ST down,0.712447625879086,2023-09-17T01:05:20.000Z
401520242102889101,4015202429,401520242,9,1,Purdue,Big Ten,7,Syracuse,Purdue,Syracuse,ACC,14,2,"{'minutes': 11, 'seconds': 8}",3,3,35,65,0,0,0,False,Kickoff,Caleb Krockover kickoff for 62 yds,,2023-09-17T00:36:39.000Z
401520242102889103,4015202429,401520242,9,2,Syracuse,ACC,14,Purdue,Purdue,Syracuse,Big Ten,14,2,"{'minutes': 11, 'seconds': 8}",3,3,76,76,1,10,15,False,Penalty,"SHRADER, Garrett pass to the left incomplete intended for BROWN, Donovan thrown to the SYR30. PENALTY PUR Roughing the Passer on ANDERSON, Joe enforced 15 yards from the SYR24 to the SYR39 and results in automatic 1ST DOWN [NHSG]. NO PLAY (replay the down).",,2023-09-17T00:36:39.000Z
401520242102889104,4015202429,401520242,9,3,Syracuse,ACC,14,Purdue,Purdue,Syracuse,Big Ten,14,2,"{'minutes': 11, 'seconds': 8}",3,3,61,61,1,10,0,False,Rush,LeQuint Allen run for no gain to the SYR 39,-1.1077677360468863,2023-09-17T00:36:39.000Z
401520242102889105,4015202429,401520242,9,4,Syracuse,ACC,14,Purdue,Purdue,Syracuse,Big Ten,14,2,"{'minutes': 11, 'seconds': 8}",3,3,61,61,2,10,26,False,Pass Reception,Garrett Shrader pass complete to LeQuint Allen for 26 yds to the PUR 35 for a 1ST down,2.9901949887347965,2023-09-17T00:36:39.000Z
401520242102889106,4015202429,401520242,9,5,Syracuse,ACC,14,Purdue,Purdue,Syracuse,Big Ten,14,2,"{'minutes': 11, 'seconds': 8}",3,3,35,35,1,10,10,False,Penalty,"Purdue Penalty, Defensive Holding (10 Yards) to the PUR 21 for a 1ST down",,2023-09-17T00:36:39.000Z
401520242102889107,4015202429,401520242,9,6,Syracuse,ACC,14,Purdue,Purdue,Syracuse,Big Ten,14,2,"{'minutes': 11, 'seconds': 8}",3,3,21,21,1,10,0,False,Pass Incompletion,Garrett Shrader pass incomplete,-0.3882383440694163,2023-09-17T00:36:39.000Z
401520242102889108,4015202429,401520242,9,7,Syracuse,ACC,14,Purdue,Purdue,Syracuse,Big Ten,14,2,"{'minutes': 11, 'seconds': 8}",3,3,21,21,2,10,6,False,Pass Reception,Garrett Shrader pass complete to LeQuint Allen for 6 yds to the PUR 15,0.1367666600880463,2023-09-17T00:36:39.000Z
401520242102889109,4015202429,401520242,9,8,Syracuse,ACC,14,Purdue,Purdue,Syracuse,Big Ten,14,2,"{'minutes': 11, 'seconds': 8}",3,3,15,15,3,4,-11,False,Sack,Garrett Shrader sacked by Kydran Jenkins for a loss of 11 yards to the PUR 26,-2.4289394012650636,2023-09-17T00:36:39.000Z
401520242102889110,4015202429,401520242,9,9,Syracuse,ACC,14,Purdue,Purdue,Syracuse,Big Ten,7,2,"{'minutes': 11, 'seconds': 8}",3,3,21,21,2,10,6,False,Pass Reception,Garrett Shrader pass complete to LeQuint Allen for 6 yds to the PUR 15,0.1367666600880463,2023-09-17T00:36:39.000Z
401520242102889111,4015202429,401520242,9,10,Syracuse,ACC,14,Purdue,Purdue,Syracuse,Big Ten,7,2,"{'minutes': 11, 'seconds': 8}",3,3,15,15,3,4,-11,False,Sack,Garrett Shrader sacked by Kydran Jenkins for a loss of 11 yards to the PUR 26,-2.4289394012650636,2023-09-17T00:36:39.000Z
401520242102917601,4015202429,401520242,9,11,Syracuse,ACC,14,Purdue,Purdue,Syracuse,Big Ten,14,2,"{'minutes': 8, 'seconds': 23}",3,3,26,26,4,15,44,False,Field Goal Missed,Brady Denaburg 44 Yard Field Goal Missed,,2023-09-17T01:05:20.000Z
401520242102919701,40152024210,401520242,10,1,Purdue,Big Ten,14,Syracuse,Purdue,Syracuse,ACC,14,2,"{'minutes': 8, 'seconds': 2}",2,3,26,74,1,10,0,False,Timeout,"Timeout Purdue, clock 08:02",,2023-09-17T00:46:43.000Z
401520242102919703,40152024210,401520242,10,2,Purdue,Big Ten,14,Syracuse,Purdue,Syracuse,ACC,14,2,"{'minutes': 8, 'seconds': 2}",2,3,26,74,1,10,5,False,Pass Reception,Hudson Card pass complete to Deion Burks for 5 yds to the PUR 31,0.0963261532824955,2023-09-17T00:46:43.000Z
401520242102919704,40152024210,401520242,10,3,Purdue,Big Ten,14,Syracuse,Purdue,Syracuse,ACC,14,2,"{'minutes': 8, 'seconds': 2}",2,3,31,69,2,5,0,False,Pass Incompletion,Hudson Card pass incomplete,-0.7854388312047123,2023-09-17T00:46:43.000Z
401520242102919705,40152024210,401520242,10,4,Purdue,Big Ten,14,Syracuse,Purdue,Syracuse,ACC,14,2,"{'minutes': 8, 'seconds': 2}",2,3,31,69,3,5,11,False,Pass Reception,Hudson Card pass complete to TJ Sheffield for 11 yds to the PUR 42 for a 1ST down,2.134185778343867,2023-09-17T00:46:43.000Z
401520242102919706,40152024210,401520242,10,5,Purdue,Big Ten,14,Syracuse,Purdue,Syracuse,ACC,14,2,"{'minutes': 8, 'seconds': 2}",2,3,42,58,1,10,-5,False,Penalty,"Purdue Penalty, False Start (-5 Yards) to the PUR 37",,2023-09-17T00:46:43.000Z
401520242102919707,40152024210,401520242,10,6,Purdue,Big Ten,14,Syracuse,Purdue,Syracuse,ACC,14,2,"{'minutes': 8, 'seconds': 2}",2,3,37,63,1,15,0,False,Pass Incompletion,Hudson Card pass incomplete,-0.7926922922900186,2023-09-17T00:46:43.000Z
401520242102919708,40152024210,401520242,10,7,Purdue,Big Ten,14,Syracuse,Purdue,Syracuse,ACC,14,2,"{'minutes': 8, 'seconds': 2}",2,3,37,63,2,15,23,False,Pass Reception,Hudson Card pass complete to Deion Burks for 23 yds to the SYR 40 for a 1ST down,3.3784613043024,2023-09-17T00:46:43.000Z
401520242102919709,40152024210,401520242,10,8,Purdue,Big Ten,7,Syracuse,Purdue,Syracuse,ACC,14,2,"{'minutes': 8, 'seconds': 2}",2,3,60,40,1,10,14,False,Pass Reception,Hudson Card pass complete to Abdur-Rahmaan Yaseen for 14 yds to the SYR 26 for a 1ST down,0.4690470215291605,2023-09-17T00:42:48.000Z
401520242102944901,40152024210,401520242,10,9,Purdue,Big Ten,14,Syracuse,Purdue,Syracuse,ACC,14,2,"{'minutes': 5, 'seconds': 50}",2,3,87,13,1,10,-6,False,Fumble Recovery (Opponent),"Hudson Card run for a loss of 6 yards to the SYR 19 Hudson Card fumbled, recovered by SYR Terry Lockett",,2023-09-17T00:52:17.000Z
401520242102944903,40152024211,401520242,11,1,Syracuse,ACC,14,Purdue,Purdue,Syracuse,Big Ten,14,2,"{'minutes': 5, 'seconds': 50}",3,2,81,81,1,10,20,False,Rush,Garrett Shrader run for 20 yds to the SYR 39 for a 1ST down,1.5836034845379305,2023-09-17T00:52:17.000Z
401520242102944904,40152024211,401520242,11,2,Syracuse,ACC,14,Purdue,Purdue,Syracuse,Big Ten,14,2,"{'minutes': 5, 'seconds': 50}",3,2,61,61,1,10,0,False,Pass Incompletion,Garrett Shrader pass incomplete,-1.1077677360468863,2023-09-17T00:52:17.000Z
401520242102944905,40152024211,401520242,11,3,Syracuse,ACC,14,Purdue,Purdue,Syracuse,Big Ten,14,2,"{'minutes': 5, 'seconds': 50}",3,2,61,61,2,10,2,False,Pass Reception,Garrett Shrader pass complete to LeQuint Allen for 2 yds to the SYR 41,-0.4651793112687272,2023-09-17T00:52:17.000Z
401520242102944906,40152024211,401520242,11,4,Syracuse,ACC,14,Purdue,Purdue,Syracuse,Big Ten,14,2,"{'minutes': 5, 'seconds': 50}",3,2,59,59,3,8,10,False,Rush,Garrett Shrader run for 10 yds to the PUR 49 for a 1ST down,2.6656325321432313,2023-09-17T00:52:17.000Z
401520242102944907,40152024211,401520242,11,5,Syracuse,ACC,14,Purdue,Purdue,Syracuse,Big Ten,14,2,"{'minutes': 5, 'seconds': 50}",3,2,49,49,1,10,34,False,Pass Reception,Garrett Shrader pass complete to Damien Alford for 34 yds to the PUR 15 for a 1ST down,1.2041314620721653,2023-09-17T00:52:17.000Z
401520242102944908,40152024211,401520242,11,6,Syracuse,ACC,14,Purdue,Purdue,Syracuse,Big Ten,14,2,"{'minutes': 5, 'seconds': 50}",3,2,15,15,1,10,0,False,Rush,Garrett Shrader run for no gain to the PUR 15,-0.320977659489319,2023-09-17T00:52:17.000Z
401520242102944909,40152024211,401520242,11,7,Syracuse,ACC,14,Purdue,Purdue,Syracuse,Big Ten,14,2,"{'minutes': 5, 'seconds': 50}",3,2,15,15,2,10,13,False,Rush,LeQuint Allen run for 13 yds to the PUR 2 for a 1ST down,1.665941451382304,2023-09-17T00:52:17.000Z
401520242102976501,40152024211,401520242,11,8,Syracuse,ACC,21,Purdue,Purdue,Syracuse,Big Ten,7,2,"{'minutes': 2, 'seconds': 34}",3,2,2,2,1,2,2,True,Rushing Touchdown,LeQuint Allen 2 Yd Run (Brady Denaburg Kick),1.213235297672098,2023-09-17T00:57:30.000Z
401520242102976503,40152024212,401520242,12,1,Syracuse,ACC,21,Purdue,Purdue,Syracuse,Big Ten,7,2,"{'minutes': 2, 'seconds': 34}",3,2,65,65,0,0,0,False,Kickoff,Brady Denaburg kickoff for 65 yds for a touchback,,2023-09-17T00:57:30.000Z
401520242102976505,40152024212,401520242,12,2,Purdue,Big Ten,7,Syracuse,Purdue,Syracuse,ACC,21,2,"{'minutes': 2, 'seconds': 34}",2,3,25,75,1,10,2,False,Rush,Devin Mockobee run for 2 yds to the PUR 27,-0.45260367932203766,2023-09-17T00:57:30.000Z
401520242102978701,40152024212,401520242,12,3,Purdue,Big Ten,7,Syracuse,Purdue,Syracuse,ACC,21,2,"{'minutes': 2, 'seconds': 12}",2,3,27,73,2,8,17,False,Pass Reception,Hudson Card pass complete to Abdur-Rahmaan Yaseen for 17 yds to the PUR 44 for a 1ST down,2.160176017664053,2023-09-17T01:05:20.000Z
401520242102978702,40152024212,401520242,12,4,Purdue,Big Ten,7,Syracuse,Purdue,Syracuse,ACC,21,2,"{'minutes': 2, 'seconds': 12}",2,3,44,56,1,10,7,False,Pass Reception,Hudson Card pass complete to Max Klare for 7 yds to the SYR 49,0.6703928066087635,2023-09-17T01:05:20.000Z
401520242102978703,40152024212,401520242,12,5,Purdue,Big Ten,7,Syracuse,Purdue,Syracuse,ACC,21,2,"{'minutes': 2, 'seconds': 12}",2,3,51,49,2,3,5,False,Pass Reception,Hudson Card pass complete to Abdur-Rahmaan Yaseen for 5 yds to the SYR 44 for a 1ST down,0.2869076172605212,2023-09-17T01:05:20.000Z
401520242102994601,40152024212,401520242,12,6,Purdue,Big Ten,7,Syracuse,Purdue,Syracuse,ACC,21,2,"{'minutes': 0, 'seconds': 53}",2,3,56,44,1,10,-15,False,Penalty,"Purdue Penalty, Face mask (15 yards) (Devin Mockobee) to the PUR 40",,2023-09-17T01:01:14.000Z
401520242102994602,40152024213,401520242,13,1,Syracuse,ACC,21,Purdue,Purdue,Syracuse,Big Ten,7,2,"{'minutes': 0, 'seconds': 53}",3,2,40,40,1,10,0,False,Pass Incompletion,Garrett Shrader pass incomplete,-0.8457687366186873,2023-09-17T01:01:14.000Z
401520242102994603,40152024213,401520242,13,2,Syracuse,ACC,21,Purdue,Purdue,Syracuse,Big Ten,7,2,"{'minutes': 0, 'seconds': 53}",3,2,40,40,1,10,0,False,Pass Incompletion,Garrett Shrader pass incomplete,-0.8457687366186873,2023-09-17T01:01:14.000Z
401520242102995601,40152024213,401520242,13,3,Syracuse,ACC,21,Purdue,Purdue,Syracuse,Big Ten,7,2,"{'minutes': 0, 'seconds': 43}",3,2,40,40,2,10,0,False,Pass Incompletion,Garrett Shrader pass incomplete,-1.0264463089218037,2023-09-17T01:05:06.000Z
401520242102995602,40152024213,401520242,13,4,Syracuse,ACC,21,Purdue,Purdue,Syracuse,Big Ten,7,2,"{'minutes': 0, 'seconds': 43}",3,1,40,40,3,10,0,False,Timeout,"Timeout Purdue, clock 00:43",,2023-09-17T01:05:06.000Z
401520242102999801,40152024213,401520242,13,5,Syracuse,ACC,21,Purdue,Purdue,Syracuse,Big Ten,7,2,"{'minutes': 0, 'seconds': 1}",3,1,40,40,3,10,-1,False,Sack,Garrett Shrader sacked by Nic Scourton for a loss of 1 yard to the PUR 41,-1.1454709909472314,2023-09-17T01:05:20.000Z
401520242102999802,40152024213,401520242,13,6,Syracuse,ACC,21,Purdue,Purdue,Syracuse,Big Ten,7,2,"{'minutes': 0, 'seconds': 1}",2,1,41,41,4,11,0,False,Timeout,"Timeout Syracuse, clock 00:01",,2023-09-17T01:05:20.000Z
401520242102999803,40152024213,401520242,13,7,Syracuse,ACC,21,Purdue,Purdue,Syracuse,Big Ten,7,2,"{'minutes': 0, 'seconds': 1}",2,1,41,41,4,11,-5,False,Sack,Garrett Shrader sacked by Scotty Humpich for a loss of 5 yards to the PUR 46,-0.7932648195749366,2023-09-17T01:05:20.000Z
401520242102999902,40152024213,401520242,13,8,Syracuse,ACC,21,Purdue,Purdue,Syracuse,Big Ten,7,2,"{'minutes': 0, 'seconds': 0}",2,1,1,1,0,1,0,False,End of Half,End of 2nd Quarter,,2023-09-17T01:05:20.000Z
401520242103849902,40152024214,401520242,14,1,Syracuse,ACC,21,Purdue,Purdue,Syracuse,Big Ten,7,3,"{'minutes': 15, 'seconds': 0}",3,3,65,65,0,0,0,False,Kickoff,Brady Denaburg kickoff for 65 yds for a touchback,,2023-09-17T01:29:43.000Z
401520242103849904,40152024214,401520242,14,2,Purdue,Big Ten,7,Syracuse,Purdue,Syracuse,ACC,21,3,"{'minutes': 15, 'seconds': 0}",3,3,25,75,1,10,0,False,Rush,Devin Mockobee run for no gain to the PUR 25,-0.7029700220436519,2023-09-17T01:29:43.000Z
401520242103849905,40152024214,401520242,14,3,Purdue,Big Ten,7,Syracuse,Purdue,Syracuse,ACC,21,3,"{'minutes': 15, 'seconds': 0}",3,3,25,75,2,10,11,False,Fumble Recovery (Own),"Hudson Card pass complete to Devin Mockobee for 11 yds Devin Mockobee fumbled, recovered by PUR TJ Sheffield for a 1ST down",1.6335325339896425,2023-09-17T01:29:43.000Z
401520242103849906,40152024214,401520242,14,4,Purdue,Big Ten,7,Syracuse,Purdue,Syracuse,ACC,21,3,"{'minutes': 15, 'seconds': 0}",3,3,36,64,1,10,0,False,Pass Incompletion,Hudson Card pass incomplete,-1.041155320344064,2023-09-17T01:29:43.000Z
401520242103849907,40152024214,401520242,14,5,Purdue,Big Ten,7,Syracuse,Purdue,Syracuse,ACC,21,3,"{'minutes': 15, 'seconds': 0}",3,3,36,64,2,10,-9,False,Sack,Hudson Card sacked for a loss of 9 yards to the PUR 27,-1.093347351779018,2023-09-17T01:29:43.000Z
401520242103849908,40152024214,401520242,14,6,Purdue,Big Ten,7,Syracuse,Purdue,Syracuse,ACC,21,3,"{'minutes': 15, 'seconds': 0}",3,3,27,73,3,19,11,False,Pass Reception,Hudson Card pass complete to Dylan Downing for 11 yds to the PUR 38,0.2488008643087731,2023-09-17T01:29:43.000Z
401520242103876901,40152024214,401520242,14,7,Purdue,Big Ten,7,Syracuse,Purdue,Syracuse,ACC,21,3,"{'minutes': 12, 'seconds': 30}",3,3,38,62,4,8,0,False,Punt,"Jack Ansell punt for 43 yds, fair catch by D'Marcus Adams at the SYR 19",,2023-09-17T01:36:10.000Z
401520242103876903,40152024215,401520242,15,1,Syracuse,ACC,21,Purdue,Purdue,Syracuse,Big Ten,7,3,"{'minutes': 12, 'seconds': 30}",3,3,81,81,1,10,-1,False,Sack,Garrett Shrader sacked by OC Brothers for a loss of 1 yard to the SYR 18,-0.6045972881119024,2023-09-17T01:36:10.000Z
401520242103876904,40152024215,401520242,15,2,Syracuse,ACC,21,Purdue,Purdue,Syracuse,Big Ten,7,3,"{'minutes': 12, 'seconds': 30}",3,3,82,82,2,11,7,False,Pass Reception,Garrett Shrader pass complete to Donovan Brown for 7 yds to the SYR 25,0.20203681170691556,2023-09-17T01:36:10.000Z
401520242103876905,40152024215,401520242,15,3,Syracuse,ACC,21,Purdue,Purdue,Syracuse,Big Ten,7,3,"{'minutes': 12, 'seconds': 30}",3,3,75,75,3,4,4,False,Rush,Garrett Shrader run for 4 yds to the SYR 29 for a 1ST down,1.0655631246528188,2023-09-17T01:36:10.000Z
401520242103876906,40152024215,401520242,15,4,Syracuse,ACC,21,Purdue,Purdue,Syracuse,Big Ten,7,3,"{'minutes': 12, 'seconds': 30}",3,3,71,71,1,10,2,False,Rush,LeQuint Allen run for 2 yds to the SYR 31,-0.5291040057203755,2023-09-17T01:36:10.000Z
401520242103876907,40152024215,401520242,15,5,Syracuse,ACC,21,Purdue,Purdue,Syracuse,Big Ten,7,3,"{'minutes': 12, 'seconds': 30}",3,3,69,69,2,8,4,False,Rush,LeQuint Allen run for 4 yds to the SYR 35,-0.1022952986914776,2023-09-17T01:36:10.000Z
401520242103876908,40152024215,401520242,15,6,Syracuse,ACC,21,Purdue,Purdue,Syracuse,Big Ten,7,3,"{'minutes': 12, 'seconds': 30}",3,3,65,65,3,4,10,False,Pass Reception,Garrett Shrader pass complete to LeQuint Allen for 10 yds to the SYR 45 for a 1ST down,2.1304029398504527,2023-09-17T01:36:10.000Z
401520242103906901,40152024215,401520242,15,7,Syracuse,ACC,21,Purdue,Purdue,Syracuse,Big Ten,7,3,"{'minutes': 9, 'seconds': 30}",3,3,55,55,1,10,0,False,Interception,Garrett Shrader pass intercepted,-2.723386762683635,2023-09-17T01:43:13.000Z
401520242103906902,40152024216,401520242,16,1,Purdue,Big Ten,7,Syracuse,Purdue,Syracuse,ACC,21,3,"{'minutes': 9, 'seconds': 30}",2,3,34,66,1,10,0,False,Timeout,"Timeout Purdue, clock 09:30",,2023-09-17T01:43:13.000Z
401520242103906904,40152024216,401520242,16,2,Purdue,Big Ten,7,Syracuse,Purdue,Syracuse,ACC,21,3,"{'minutes': 9, 'seconds': 30}",2,3,34,66,1,10,0,False,Pass Incompletion,Hudson Card pass incomplete,-0.9864556271674072,2023-09-17T01:43:13.000Z
401520242103906905,40152024216,401520242,16,3,Purdue,Big Ten,7,Syracuse,Purdue,Syracuse,ACC,21,3,"{'minutes': 9, 'seconds': 30}",2,3,34,66,2,10,15,False,Penalty,"CARD, Hudson pass to the right complete for 0 yards to KLARE, Max caught at the PUR34 and advanced to the PUR34 (BARRON, Justin). PENALTY SYR Roughing the Passer on WAX, Marlowe enforced 15 yards from the PUR34 to the PUR49 and results in automatic 1ST DOWN [NHSG]. NO PLAY (replay the down).",,2023-09-17T01:43:13.000Z
401520242103906906,40152024216,401520242,16,4,Purdue,Big Ten,7,Syracuse,Purdue,Syracuse,ACC,21,3,"{'minutes': 9, 'seconds': 30}",2,3,49,51,1,10,0,False,Pass Incompletion,Hudson Card pass incomplete,-1.1301991718133413,2023-09-17T01:43:13.000Z
401520242103906907,40152024216,401520242,16,5,Purdue,Big Ten,7,Syracuse,Purdue,Syracuse,ACC,21,3,"{'minutes': 9, 'seconds': 30}",2,3,49,51,2,10,2,False,Pass Reception,Hudson Card pass complete to TJ Sheffield for 2 yds to the SYR 49,-0.6135354805227617,2023-09-17T01:43:13.000Z
401520242103906908,40152024216,401520242,16,6,Purdue,Big Ten,7,Syracuse,Purdue,Syracuse,ACC,21,3,"{'minutes': 9, 'seconds': 30}",2,3,51,49,3,8,9,False,Rush,Hudson Card run for 9 yds to the SYR 40 for a 1ST down,2.478052712291701,2023-09-17T01:43:13.000Z
401520242103906909,40152024216,401520242,16,7,Purdue,Big Ten,7,Syracuse,Purdue,Syracuse,ACC,21,3,"{'minutes': 9, 'seconds': 30}",2,3,60,40,1,10,2,False,Rush,Tyrone Tracy Jr. run for 2 yds to the SYR 38,-0.4549295700351248,2023-09-17T01:43:13.000Z
401520242103906910,40152024216,401520242,16,8,Purdue,Big Ten,7,Syracuse,Purdue,Syracuse,ACC,21,3,"{'minutes': 9, 'seconds': 30}",2,3,62,38,2,8,1,False,Rush,Tyrone Tracy Jr. run for 1 yd to the SYR 37,-0.7495269041668582,2023-09-17T01:43:13.000Z
401520242103906911,40152024216,401520242,16,9,Purdue,Big Ten,7,Syracuse,Purdue,Syracuse,ACC,21,3,"{'minutes': 9, 'seconds': 30}",2,3,63,37,3,7,9,False,Pass Reception,Hudson Card pass complete to Abdur-Rahmaan Yaseen for 9 yds to the SYR 28 for a 1ST down,1.629491144000893,2023-09-17T01:43:13.000Z
401520242103906912,40152024216,401520242,16,10,Purdue,Big Ten,7,Syracuse,Purdue,Syracuse,ACC,21,3,"{'minutes': 9, 'seconds': 30}",2,3,72,28,1,10,21,False,Pass Reception,Hudson Card pass complete to Deion Burks for 21 yds to the SYR 7 for a 1ST down,0.56725984381122,2023-09-17T01:43:13.000Z
401520242103906913,40152024216,401520242,16,11,Purdue,Big Ten,7,Syracuse,Purdue,Syracuse,ACC,21,3,"{'minutes': 9, 'seconds': 30}",2,3,93,7,1,7,-10,False,Penalty,"TRACY JR., Tyrone rush to the left for a gain of 4 yards to the SYR3 (JOHNSON, Isaiah), out of bounds. PENALTY PUR Holding on MOUSSA, Mahamane enforced 10 yards from the SYR7 to the SYR17 [NHSG]. NO PLAY (replay the down).",,2023-09-17T01:43:13.000Z
401520242103906914,40152024216,401520242,16,12,Purdue,Big Ten,7,Syracuse,Purdue,Syracuse,ACC,21,3,"{'minutes': 9, 'seconds': 30}",2,3,83,17,1,17,15,False,Penalty,"CARD, Hudson pass deep to the right incomplete intended for SHEFFIELD, TJ thrown to the SYR0. PENALTY SYR Pass Interference on SIMMONS JR., Jason enforced at the spot of the foul for 15 yards to the SYR2 and results in automatic 1ST DOWN [NHSG]. NO PLAY (replay the down).",,2023-09-17T01:43:13.000Z
401520242103906915,40152024216,401520242,16,13,Purdue,Big Ten,7,Syracuse,Purdue,Syracuse,ACC,21,3,"{'minutes': 9, 'seconds': 30}",2,3,98,2,1,2,-3,False,Rush,Tyrone Tracy Jr. run for a loss of 3 yards to the SYR 5,-1.225342393857822,2023-09-17T01:43:13.000Z
401520242103906916,40152024216,401520242,16,14,Purdue,Big Ten,7,Syracuse,Purdue,Syracuse,ACC,21,3,"{'minutes': 9, 'seconds': 30}",2,3,83,17,1,17,15,False,Penalty,"CARD, Hudson pass deep to the right incomplete intended for SHEFFIELD, TJ thrown to the SYR0. PENALTY SYR Pass Interference on SIMMONS JR., Jason enforced at the spot of the foul for 15 yards to the SYR2 and results in automatic 1ST DOWN [NHSG]. NO PLAY (replay the down).",,2023-09-17T01:43:13.000Z
401520242103906917,40152024216,401520242,16,15,Purdue,Big Ten,7,Syracuse,Purdue,Syracuse,ACC,21,3,"{'minutes': 9, 'seconds': 30}",2,3,98,2,1,2,-3,False,Rush,Tyrone Tracy Jr. run for a loss of 3 yards to the SYR 5,-1.225342393857822,2023-09-17T01:43:13.000Z
401520242103957101,40152024216,401520242,16,16,Purdue,Big Ten,14,Syracuse,Purdue,Syracuse,ACC,21,3,"{'minutes': 4, 'seconds': 28}",2,3,95,5,2,5,5,True,Rushing Touchdown,Hudson Card 5 Yd Run (Ben Freehill Kick),2.43857769152992,2023-09-17T01:51:03.000Z
401520242103957103,40152024217,401520242,17,1,Purdue,Big Ten,14,Syracuse,Purdue,Syracuse,ACC,21,3,"{'minutes': 4, 'seconds': 28}",2,3,35,65,0,0,0,False,Kickoff,Caleb Krockover kickoff for 65 yds,,2023-09-17T01:51:03.000Z
401520242103957105,40152024217,401520242,17,2,Syracuse,ACC,21,Purdue,Purdue,Syracuse,Big Ten,14,3,"{'minutes': 4, 'seconds': 28}",3,2,75,75,1,10,0,False,Pass Incompletion,Garrett Shrader pass incomplete,-0.7029700220436519,2023-09-17T01:51:03.000Z
401520242103957601,40152024217,401520242,17,3,Syracuse,ACC,21,Purdue,Purdue,Syracuse,Big Ten,14,3,"{'minutes': 4, 'seconds': 23}",3,2,75,75,2,10,-1,False,Rush,LeQuint Allen run for a loss of 1 yard to the SYR 24,-0.3927938356308358,2023-09-17T01:59:37.000Z
401520242103957602,40152024217,401520242,17,4,Syracuse,ACC,21,Purdue,Purdue,Syracuse,Big Ten,14,3,"{'minutes': 4, 'seconds': 23}",3,2,76,76,3,11,26,False,Pass Reception,Garrett Shrader pass complete to Donovan Brown for 26 yds to the 50 yard line for a 1ST down,3.3321070452744364,2023-09-17T01:59:37.000Z
401520242103957603,40152024217,401520242,17,5,Syracuse,ACC,21,Purdue,Purdue,Syracuse,Big Ten,14,3,"{'minutes': 4, 'seconds': 23}",3,2,50,50,1,10,8,False,Rush,Garrett Shrader run for 8 yds to the PUR 42,0.838762649996877,2023-09-17T01:59:37.000Z
401520242103957604,40152024217,401520242,17,6,Syracuse,ACC,21,Purdue,Purdue,Syracuse,Big Ten,14,3,"{'minutes': 4, 'seconds': 23}",3,2,42,42,2,2,-4,False,Fumble Recovery (Own),"Garrett Shrader run for a loss of 4 yards to the PUR 42 Garrett Shrader fumbled, recovered by SYR Garrett Shrader",-2.1194017753209007,2023-09-17T02:01:35.000Z
401520242103957605,40152024217,401520242,17,7,Syracuse,ACC,21,Purdue,Purdue,Syracuse,Big Ten,14,3,"{'minutes': 4, 'seconds': 23}",3,2,42,42,3,2,4,False,Rush,Garrett Shrader run for 4 yds to the PUR 38 for a 1ST down,1.037798663494765,2023-09-17T02:01:35.000Z
401520242103957606,40152024217,401520242,17,8,Syracuse,ACC,21,Purdue,Purdue,Syracuse,Big Ten,14,3,"{'minutes': 4, 'seconds': 23}",3,2,38,38,1,10,8,False,Rush,LeQuint Allen run for 8 yds to the PUR 30,0.605641975704613,2023-09-17T01:59:37.000Z
401520242103957607,40152024217,401520242,17,9,Syracuse,ACC,21,Purdue,Purdue,Syracuse,Big Ten,14,3,"{'minutes': 4, 'seconds': 23}",3,2,30,30,2,2,15,False,Penalty,"SHRADER, Garrett pass deep to the right incomplete intended for ALFORD, Damien thrown to the PUR2. PENALTY PUR Pass Interference on ALISANDRO, Botros enforced 15 yards to the PUR15 and results in automatic 1ST DOWN [NHSG]. NO PLAY (replay the down).",,2023-09-17T01:59:37.000Z
401520242103957608,40152024217,401520242,17,10,Syracuse,ACC,21,Purdue,Purdue,Syracuse,Big Ten,14,3,"{'minutes': 4, 'seconds': 23}",3,2,15,15,1,10,2,False,Rush,LeQuint Allen run for 2 yds to the PUR 13,-0.179494976485374,2023-09-17T01:59:37.000Z
401520242103957609,40152024217,401520242,17,11,Syracuse,ACC,21,Purdue,Purdue,Syracuse,Big Ten,14,3,"{'minutes': 4, 'seconds': 23}",3,2,13,13,2,8,11,False,Penalty,"SHRADER, Garrett pass up the middle incomplete intended for BROWN, Donovan thrown to the PUR2. PENALTY PUR Pass Interference on ALLEN, Cam enforced 11 yards to the PUR2 and results in automatic 1ST DOWN [NHSG]. NO PLAY (replay the down).",,2023-09-17T01:59:37.000Z
401520242103999901,40152024217,401520242,17,12,Syracuse,ACC,21,Purdue,Purdue,Syracuse,Big Ten,14,3,"{'minutes': 0, 'seconds': 0}",3,2,1,1,1,1,0,False,Rush,LeQuint Allen run for no gain to the PUR 1,-0.962330962352563,2023-09-17T01:59:37.000Z
401520242103999902,40152024217,401520242,17,13,Syracuse,ACC,21,Purdue,Purdue,Syracuse,Big Ten,14,3,"{'minutes': 0, 'seconds': 0}",3,2,1,1,0,1,0,False,End Period,End of 3rd Quarter,,2023-09-17T01:59:37.000Z
401520242104854601,40152024217,401520242,17,14,Syracuse,ACC,28,Purdue,Purdue,Syracuse,Big Ten,14,4,"{'minutes': 14, 'seconds': 53}",3,2,1,1,2,1,1,True,Rushing Touchdown,Garrett Shrader 1 Yd Run (Brady Denaburg Kick),1.900352237473006,2023-09-17T02:03:55.000Z
401520242104854603,40152024218,401520242,18,1,Syracuse,ACC,28,Purdue,Purdue,Syracuse,Big Ten,14,4,"{'minutes': 14, 'seconds': 53}",3,2,65,65,0,0,0,False,Kickoff,Brady Denaburg kickoff for 65 yds for a touchback,,2023-09-17T02:03:55.000Z
401520242104854605,40152024218,401520242,18,2,Purdue,Big Ten,14,Syracuse,Purdue,Syracuse,ACC,28,4,"{'minutes': 14, 'seconds': 53}",2,3,25,75,1,10,2,False,Rush,Devin Mockobee run for 2 yds to the PUR 27,-0.45260367932203766,2023-09-17T02:03:55.000Z
401520242104859101,40152024218,401520242,18,3,Purdue,Big Ten,14,Syracuse,Purdue,Syracuse,ACC,28,4,"{'minutes': 14, 'seconds': 8}",2,3,27,73,2,8,15,False,Pass Reception,Hudson Card pass complete to TJ Sheffield for 15 yds to the PUR 42 for a 1ST down,1.9686555870040436,2023-09-17T02:12:03.000Z
401520242104859102,40152024218,401520242,18,4,Purdue,Big Ten,14,Syracuse,Purdue,Syracuse,ACC,28,4,"{'minutes': 14, 'seconds': 8}",1,3,42,58,1,10,0,False,Timeout,"Timeout Purdue, clock 14:08",,2023-09-17T02:12:03.000Z
401520242104859103,40152024218,401520242,18,5,Purdue,Big Ten,14,Syracuse,Purdue,Syracuse,ACC,28,4,"{'minutes': 14, 'seconds': 8}",1,3,42,58,1,10,0,False,Pass Incompletion,Hudson Card pass incomplete,-1.1496266880203319,2023-09-17T02:12:03.000Z
401520242104859104,40152024218,401520242,18,6,Purdue,Big Ten,14,Syracuse,Purdue,Syracuse,ACC,28,4,"{'minutes': 14, 'seconds': 8}",1,3,42,58,2,10,7,False,Pass Reception,Hudson Card pass complete to TJ Sheffield for 7 yds to the PUR 49,0.5512629254184472,2023-09-17T02:12:03.000Z
401520242104865501,40152024218,401520242,18,7,Purdue,Big Ten,14,Syracuse,Purdue,Syracuse,ACC,28,4,"{'minutes': 13, 'seconds': 44}",1,3,49,51,3,3,1,False,Rush,Devin Mockobee run for 1 yd to the 50 yard line,-0.8347419412659338,2023-09-17T02:03:44.000Z
401520242104865502,40152024218,401520242,18,8,Purdue,Big Ten,14,Syracuse,Purdue,Syracuse,ACC,28,4,"{'minutes': 13, 'seconds': 44}",1,3,50,50,4,2,6,False,Pass Reception,Hudson Card pass complete to Abdur-Rahmaan Yaseen for 6 yds to the SYR 44 for a 1ST down,2.5819265583971127,2023-09-17T02:03:44.000Z
401520242104865503,40152024218,401520242,18,9,Purdue,Big Ten,14,Syracuse,Purdue,Syracuse,ACC,28,4,"{'minutes': 13, 'seconds': 44}",1,3,56,44,1,10,18,False,Pass Reception,Hudson Card pass complete to Max Klare for 18 yds to the SYR 26 for a 1ST down,0.6928802351018408,2023-09-17T02:03:44.000Z
401520242104884701,40152024218,401520242,18,10,Purdue,Big Ten,14,Syracuse,Purdue,Syracuse,ACC,28,4,"{'minutes': 11, 'seconds': 52}",1,3,74,26,1,10,6,False,Fumble Recovery (Own),"Devin Mockobee run for 6 yds to the SYR 20 Devin Mockobee fumbled, recovered by PUR Deion Burks",0.1981539364012105,2023-09-17T02:22:49.000Z
401520242104884702,40152024218,401520242,18,11,Purdue,Big Ten,14,Syracuse,Purdue,Syracuse,ACC,28,4,"{'minutes': 11, 'seconds': 52}",1,3,80,20,2,4,0,False,Rush,Devin Mockobee run for no gain to the SYR 20,-0.5061751830160085,2023-09-17T02:22:49.000Z
401520242104884703,40152024218,401520242,18,12,Purdue,Big Ten,14,Syracuse,Purdue,Syracuse,ACC,28,4,"{'minutes': 11, 'seconds': 52}",1,3,80,20,3,4,3,False,Rush,Hudson Card run for 3 yds to the SYR 17,-0.1853030274189838,2023-09-17T02:22:49.000Z
401520242104884704,40152024218,401520242,18,13,Purdue,Big Ten,14,Syracuse,Purdue,Syracuse,ACC,28,4,"{'minutes': 11, 'seconds': 52}",1,3,83,17,1,10,-5,False,Penalty,"Purdue Penalty, False Start (-5 Yards) to the SYR 22",,2023-09-17T02:22:49.000Z
401520242104884705,40152024218,401520242,18,14,Purdue,Big Ten,14,Syracuse,Purdue,Syracuse,ACC,28,4,"{'minutes': 11, 'seconds': 52}",1,3,78,22,1,15,7,False,Pass Reception,Hudson Card pass complete to Abdur-Rahmaan Yaseen for 7 yds to the SYR 15,0.1867881047987245,2023-09-17T02:22:49.000Z
401520242104884706,40152024218,401520242,18,15,Purdue,Big Ten,14,Syracuse,Purdue,Syracuse,ACC,28,4,"{'minutes': 11, 'seconds': 52}",1,3,85,15,2,8,10,False,Rush,Tyrone Tracy Jr. run for 10 yds to the SYR 5 for a 1ST down,0.8846610841416015,2023-09-17T02:22:49.000Z
401520242104884707,40152024218,401520242,18,16,Purdue,Big Ten,14,Syracuse,Purdue,Syracuse,ACC,28,4,"{'minutes': 11, 'seconds': 52}",1,3,95,5,1,5,4,False,Rush,Tyrone Tracy Jr. run for 4 yds to the SYR 1,-0.016571396914132,2023-09-17T02:22:49.000Z
401520242104916101,40152024218,401520242,18,17,Purdue,Big Ten,20,Syracuse,Purdue,Syracuse,ACC,28,4,"{'minutes': 8, 'seconds': 38}",1,3,99,1,2,1,1,True,Rushing Touchdown,Tyrone Tracy Jr. 1 Yd Run (Ben Freehill PAT failed),1.900352237473006,2023-09-17T02:28:01.000Z
401520242104916801,40152024219,401520242,19,1,Purdue,Big Ten,19,Syracuse,Purdue,Syracuse,ACC,28,4,"{'minutes': 8, 'seconds': 31}",1,3,35,65,0,0,0,False,Kickoff,Caleb Krockover kickoff for 63 yds,,2023-09-17T02:32:18.000Z
401520242104916803,40152024219,401520242,19,2,Syracuse,ACC,28,Purdue,Purdue,Syracuse,Big Ten,19,4,"{'minutes': 8, 'seconds': 31}",3,1,87,87,1,10,3,False,Rush,Garrett Shrader run for 3 yds to the SYR 16,-0.16846587405937985,2023-09-17T02:32:18.000Z
401520242104916804,40152024219,401520242,19,3,Syracuse,ACC,28,Purdue,Purdue,Syracuse,Big Ten,19,4,"{'minutes': 8, 'seconds': 31}",3,1,84,84,2,7,0,False,Pass Incompletion,Garrett Shrader pass incomplete,-0.30847303980734697,2023-09-17T02:32:18.000Z
401520242104916806,40152024219,401520242,19,4,Syracuse,ACC,28,Purdue,Purdue,Syracuse,Big Ten,19,4,"{'minutes': 8, 'seconds': 31}",3,1,84,84,3,7,15,False,Penalty,"SHRADER, Garrett pass to the left incomplete intended for ALFORD, Damien thrown to the SYR30. PENALTY PUR Pass Interference on ALISANDRO, Botros enforced 15 yards to the SYR31 and results in automatic 1ST DOWN [NHSG]. NO PLAY (replay the down).",,2023-09-17T02:32:18.000Z
401520242104916807,40152024219,401520242,19,5,Syracuse,ACC,28,Purdue,Purdue,Syracuse,Big Ten,19,4,"{'minutes': 8, 'seconds': 31}",3,1,69,69,1,10,2,False,Rush,Garrett Shrader run for 2 yds to the SYR 33,-0.5660789348414365,2023-09-17T02:32:18.000Z
401520242104916808,40152024219,401520242,19,6,Syracuse,ACC,28,Purdue,Purdue,Syracuse,Big Ten,19,4,"{'minutes': 8, 'seconds': 31}",3,1,67,67,2,8,-3,False,Rush,Donovan Brown run for a loss of 3 yards to the SYR 30,-0.8811813192275206,2023-09-17T02:32:18.000Z
401520242104916809,40152024219,401520242,19,7,Syracuse,ACC,28,Purdue,Purdue,Syracuse,Big Ten,19,4,"{'minutes': 8, 'seconds': 31}",3,1,70,70,3,11,0,False,Pass Incompletion,Garrett Shrader pass incomplete,-0.19800924889514881,2023-09-17T02:32:18.000Z
401520242104937901,40152024219,401520242,19,8,Syracuse,ACC,28,Purdue,Purdue,Syracuse,Big Ten,19,4,"{'minutes': 6, 'seconds': 20}",3,1,70,70,4,11,0,False,Punt,"Jack Stonehouse punt for 40 yds, fair catch by TJ Sheffield at the PUR 30",,2023-09-17T02:37:05.000Z
401520242104937902,40152024219,401520242,19,9,Purdue,Big Ten,19,Syracuse,Purdue,Syracuse,ACC,28,4,"{'minutes': 6, 'seconds': 20}",0,3,30,70,1,10,0,False,Timeout,"Timeout Purdue, clock 06:20",,2023-09-17T02:39:20.000Z
401520242104937904,40152024220,401520242,20,1,Purdue,Big Ten,19,Syracuse,Purdue,Syracuse,ACC,28,4,"{'minutes': 6, 'seconds': 20}",0,3,30,70,1,10,5,False,Fumble Recovery (Own),"Devin Mockobee run for 5 yds to the PUR 35 Devin Mockobee fumbled, recovered by PUR",0.1029188553265588,2023-09-17T02:39:20.000Z
401520242104937905,40152024220,401520242,20,2,Purdue,Big Ten,19,Syracuse,Purdue,Syracuse,ACC,28,4,"{'minutes': 6, 'seconds': 20}",0,3,35,65,2,5,4,False,Pass Reception,Hudson Card pass complete to TJ Sheffield for 4 yds to the PUR 39,-0.1427874925126104,2023-09-17T02:39:20.000Z
401520242104937906,40152024220,401520242,20,3,Purdue,Big Ten,19,Syracuse,Purdue,Syracuse,ACC,28,4,"{'minutes': 6, 'seconds': 20}",0,3,39,61,3,1,0,False,Rush,Tyrone Tracy Jr. run for no gain to the PUR 39,-0.8590948899162189,2023-09-17T02:39:20.000Z
401520242104954301,40152024220,401520242,20,4,Purdue,Big Ten,19,Syracuse,Purdue,Syracuse,ACC,28,4,"{'minutes': 4, 'seconds': 56}",0,3,39,61,4,1,0,False,Pass Incompletion,Hudson Card pass incomplete,-0.40824995399338615,2023-09-17T03:02:30.000Z
401520242104954302,40152024221,401520242,21,1,Syracuse,ACC,28,Purdue,Purdue,Syracuse,Big Ten,19,4,"{'minutes': 4, 'seconds': 56}",3,-1,39,39,1,10,0,False,Timeout,"Timeout Purdue, clock 04:56",,2023-09-17T03:02:30.000Z
401520242104954304,40152024221,401520242,21,2,Syracuse,ACC,28,Purdue,Purdue,Syracuse,Big Ten,19,4,"{'minutes': 4, 'seconds': 56}",3,-1,39,39,1,10,6,False,Rush,LeQuint Allen run for 6 yds to the PUR 33,0.258293699621337,2023-09-17T03:02:30.000Z
401520242104954305,40152024221,401520242,21,3,Syracuse,ACC,28,Purdue,Purdue,Syracuse,Big Ten,19,4,"{'minutes': 4, 'seconds': 56}",3,-1,33,33,2,4,5,False,Rush,Garrett Shrader run for 5 yds to the PUR 28 for a 1ST down,0.118130381171783,2023-09-17T03:02:30.000Z
401520242104968001,40152024221,401520242,21,4,Syracuse,ACC,35,Purdue,Purdue,Syracuse,Big Ten,20,4,"{'minutes': 3, 'seconds': 19}",3,-1,28,28,1,10,28,True,Rushing Touchdown,Garrett Shrader 28 Yd Run (Brady Denaburg Kick),2.764014474138431,2023-09-17T03:02:30.000Z
401520242104968003,40152024222,401520242,22,1,Syracuse,ACC,35,Purdue,Purdue,Syracuse,Big Ten,20,4,"{'minutes': 3, 'seconds': 19}",3,-1,65,65,0,0,0,False,Kickoff,Brady Denaburg kickoff for 65 yds for a touchback,,2023-09-17T03:02:30.000Z
401520242104968005,40152024222,401520242,22,2,Purdue,Big Ten,20,Syracuse,Purdue,Syracuse,ACC,35,4,"{'minutes': 3, 'seconds': 19}",-1,3,25,75,1,10,10,False,Pass Reception,Hudson Card pass complete to TJ Sheffield for 10 yds to the PUR 35 for a 1ST down,0.8350381090299867,2023-09-17T03:02:30.000Z
401520242104968006,40152024222,401520242,22,3,Purdue,Big Ten,20,Syracuse,Purdue,Syracuse,ACC,35,4,"{'minutes': 3, 'seconds': 19}",-1,3,35,65,1,10,14,False,Pass Reception,Hudson Card pass complete to Max Klare for 14 yds to the PUR 49 for a 1ST down,1.3193498067983958,2023-09-17T03:02:30.000Z
401520242104968007,40152024222,401520242,22,4,Purdue,Big Ten,20,Syracuse,Purdue,Syracuse,ACC,35,4,"{'minutes': 3, 'seconds': 19}",-1,3,49,51,1,10,9,False,Pass Reception,Hudson Card pass complete to Abdur-Rahmaan Yaseen for 9 yds to the SYR 42,1.122673355463087,2023-09-17T03:02:30.000Z
401520242104968008,40152024222,401520242,22,5,Purdue,Big Ten,20,Syracuse,Purdue,Syracuse,ACC,35,4,"{'minutes': 3, 'seconds': 19}",-1,3,58,42,2,1,0,False,Pass Incompletion,Hudson Card pass incomplete,-1.1637570333089164,2023-09-17T03:02:30.000Z
401520242104968009,40152024222,401520242,22,6,Purdue,Big Ten,20,Syracuse,Purdue,Syracuse,ACC,35,4,"{'minutes': 3, 'seconds': 19}",-1,3,58,42,3,1,14,False,Penalty,"Syracuse Penalty, Face mask (14 yards) (Justin Barron) to the SYR 14 for a 1ST down",,2023-09-17T03:02:30.000Z
401520242104968010,40152024222,401520242,22,7,Purdue,Big Ten,20,Syracuse,Purdue,Syracuse,ACC,35,4,"{'minutes': 3, 'seconds': 19}",-1,3,86,14,1,10,-10,False,Penalty,"CARD, Hudson pass to the left complete for 14 yards to BURKS, Deion caught at the SYR0 and advanced to the SYR0, TOUCHDOWN PUR, score nullified by penalty (Play was confirmed after review). PENALTY PUR Holding on GRANT, Jalen enforced 10 yards from the SYR14 to the SYR24 [NHSG]. NO PLAY (replay the down).",,2023-09-17T03:02:30.000Z
401520242104984101,40152024222,401520242,22,8,Purdue,Big Ten,20,Syracuse,Purdue,Syracuse,ACC,35,4,"{'minutes': 1, 'seconds': 58}",-1,3,76,24,1,20,0,False,Pass Incompletion,Hudson Card pass incomplete,-0.5609446262915,2023-09-17T03:02:30.000Z
401520242104984102,40152024222,401520242,22,9,Purdue,Big Ten,20,Syracuse,Purdue,Syracuse,ACC,35,4,"{'minutes': 1, 'seconds': 58}",-1,3,76,24,2,20,0,False,Pass Incompletion,Hudson Card pass incomplete,-0.862550659285377,2023-09-17T03:02:30.000Z
401520242104984103,40152024222,401520242,22,10,Purdue,Big Ten,20,Syracuse,Purdue,Syracuse,ACC,35,4,"{'minutes': 1, 'seconds': 58}",-1,3,76,24,3,20,6,False,Pass Reception,Hudson Card pass complete to Dylan Downing for 6 yds to the SYR 18,0.2445936548647492,2023-09-17T03:02:30.000Z
401520242104987001,40152024222,401520242,22,11,Purdue,Big Ten,20,Syracuse,Purdue,Syracuse,ACC,35,4,"{'minutes': 1, 'seconds': 29}",-1,3,82,18,4,14,0,False,Pass Incompletion,Hudson Card pass incomplete,-2.5639202382944912,2023-09-17T03:02:30.000Z
401520242104987701,40152024223,401520242,23,1,Syracuse,ACC,35,Purdue,Purdue,Syracuse,Big Ten,20,4,"{'minutes': 1, 'seconds': 22}",3,-1,82,82,1,10,6,False,Rush,LeQuint Allen run for 6 yds to the SYR 24,0.2714669258479434,2023-09-17T03:02:30.000Z
401520242104987702,40152024223,401520242,23,2,Syracuse,ACC,35,Purdue,Purdue,Syracuse,Big Ten,20,4,"{'minutes': 1, 'seconds': 22}",3,-2,76,76,2,4,0,False,Timeout,"Timeout Purdue, clock 01:22",,2023-09-17T03:02:30.000Z
401520242104989101,40152024223,401520242,23,3,Syracuse,ACC,35,Purdue,Purdue,Syracuse,Big Ten,20,4,"{'minutes': 1, 'seconds': 8}",3,-2,76,76,2,4,39,False,Rush,Garrett Shrader run for 39 yds to the PUR 37 for a 1ST down,3.165422691968164,2023-09-17T03:02:30.000Z
401520242104989102,40152024223,401520242,23,4,Syracuse,ACC,35,Purdue,Purdue,Syracuse,Big Ten,20,4,"{'minutes': 1, 'seconds': 8}",3,-3,37,37,1,10,0,False,Timeout,"Timeout Purdue, clock 01:08",,2023-09-17T03:02:30.000Z
401520242104989103,40152024223,401520242,23,5,Syracuse,ACC,35,Purdue,Purdue,Syracuse,Big Ten,20,4,"{'minutes': 1, 'seconds': 8}",3,-3,37,37,1,10,21,False,Rush,LeQuint Allen run for 21 yds to the PUR 16 for a 1ST down,0.4826859101843688,2023-09-17T03:02:30.000Z
401520242104995401,40152024223,401520242,23,6,Syracuse,ACC,35,Purdue,Purdue,Syracuse,Big Ten,20,4,"{'minutes': 0, 'seconds': 45}",3,-3,16,16,1,10,0,False,Rush,"(00:45) Kneel down by SHRADER, Garrett at PUR17 (team loss of 1), clock 00:00.",-0.3301132067544156,2023-09-17T03:02:30.000Z
401520242104999902,40152024223,401520242,23,7,Syracuse,ACC,35,Purdue,Purdue,Syracuse,Big Ten,20,4,"{'minutes': 0, 'seconds': 0}",3,-3,17,17,0,10,0,False,End of Game,End of 4th Quarter,,2023-09-17T03:02:30.000Z
